OrderId,Longitude,Latitude
1,35.690403,32.993426
2,35.690621,32.993241
3,35.691124,32.9928
4,35.691214,32.992722
5,35.69135,32.992601
6,35.691663,32.99233
7,35.69174,32.99225
8,35.6919,32.992129
9,35.692164,32.991912
10,35.6923,32.991811
11,35.692896,32.991427
12,35.693377,32.991162
13,35.693375,32.991155
14,35.693374,32.991146
15,35.693376,32.991137
16,35.693379,32.991129
17,35.693384,32.991121
18,35.69339,32.991114
19,35.693398,32.991108
20,35.693408,32.991104
21,35.693281,32.990873
22,35.693225,32.990736
23,35.693174,32.990589
24,35.693128,32.990397
25,35.693126,32.990387
26,35.693084,32.990143
27,35.693068,32.989856
28,35.693087,32.989645
29,35.693157,32.989274
30,35.693211,32.989009
31,35.693237,32.988862
32,35.693278,32.988661
33,35.693303,32.988396
34,35.693295,32.987852
35,35.693257,32.987727
36,35.693248,32.98773
37,35.693209,32.987732
38,35.693179,32.987725
39,35.693152,32.987711
40,35.693136,32.987699
41,35.692511,32.98793
42,35.69213,32.988073
43,35.691457,32.988326
44,35.691199,32.988425
45,35.68957,32.989049
46,35.688853,32.989327
47,35.688852,32.989352
48,35.688834,32.989387
49,35.688822,32.989399
50,35.688806,32.989415
51,35.688776,32.989432
52,35.688743,32.989442
53,35.688691,32.989443
54,35.688686,32.989441
55,35.688649,32.989431
56,35.688614,32.989408
57,35.688606,32.989399
58,35.686933,32.989767
59,35.686265,32.989914
60,35.685906,32.989995
61,35.685826,32.990075
62,35.685793,32.99012
63,35.685773,32.990173
64,35.685759,32.990265
65,35.685824,32.990517
66,35.685867,32.990782
67,35.685907,32.991013
68,35.685978,32.991477
69,35.686086,32.992072
70,35.686247,32.993077
71,35.686284,32.993241
72,35.68638,32.99375
73,35.686494,32.994317
74,35.68664,32.994758
75,35.686809,32.995037
76,35.686872,32.995135
77,35.687047,32.995382
78,35.687176,32.995539
79,35.687191,32.995537
80,35.687207,32.995536
81,35.687223,32.995537
82,35.687238,32.99554
83,35.68726,32.995547
84,35.687274,32.995553
85,35.687287,32.995561
86,35.687304,32.995576
87,35.687317,32.995592
88,35.687324,32.995604
89,35.687329,32.995617
90,35.687332,32.995632
91,35.687333,32.995644
92,35.687332,32.995657
93,35.687327,32.995676
94,35.687321,32.995689
95,35.687314,32.995701
96,35.687299,32.995717
97,35.687282,32.99573
98,35.687268,32.995737
99,35.687254,32.995743
100,35.687239,32.995748
101,35.687224,32.99575
102,35.687208,32.995752
103,35.687197,32.995751
104,35.686671,32.996217
105,35.686542,32.996355
106,35.686212,32.996681
107,35.686045,32.996846
108,35.686033,32.99686
109,35.684946,32.99805
110,35.683926,32.999166
111,35.683048,33.000126
112,35.682955,33.000152
113,35.682936,33.000152
114,35.682858,33.000152
115,35.682732,33.00011
116,35.682448,32.999898
117,35.681889,32.999506
118,35.68176,32.999406
119,35.681596,32.999275
120,35.68141,32.999088
121,35.680999,32.998479
122,35.680895,32.998301
123,35.680674,32.997892
124,35.680339,32.997309
125,35.68,32.99686
126,35.679507,32.996347
127,35.67904,32.995952
128,35.678542,32.995541
129,35.678071,32.995118
130,35.678058,32.995126
131,35.67804,32.995134
132,35.678021,32.995138
133,35.678001,32.99514
134,35.677981,32.995139
135,35.677962,32.995135
136,35.677944,32.995128
137,35.677928,32.995119
138,35.677914,32.995107
139,35.677904,32.995094
140,35.677896,32.995079
141,35.677892,32.995063
142,35.677892,32.995048
143,35.677896,32.995032
144,35.677903,32.995017
145,35.677913,32.995005
146,35.677927,32.994992
147,35.677943,32.994983
148,35.677955,32.994978
149,35.677967,32.994974
150,35.677987,32.994971
151,35.678,32.99497
152,35.678014,32.994971
153,35.678033,32.994975
154,35.678052,32.994981
155,35.678063,32.994987
156,35.678071,32.994992
157,35.678078,32.994997
158,35.678086,32.995005
159,35.678096,32.995019
160,35.678101,32.995029
161,35.678105,32.995039
162,35.678107,32.995057
163,35.678106,32.995065
164,35.678103,32.995076
165,35.678097,32.995091
166,35.678087,32.995104
167,35.678078,32.995113
168,35.678071,32.995118
169,35.678542,32.995541
170,35.67904,32.995952
171,35.679507,32.996347
172,35.68,32.99686
173,35.680316,32.996696
174,35.68152,32.996295
175,35.681824,32.996203
176,35.681903,32.996185
177,35.682427,32.996048
178,35.683574,32.995673
179,35.683543,32.995529
180,35.683485,32.99505
181,35.683465,32.994887
182,35.683437,32.994694
183,35.683405,32.994572
184,35.683392,32.994529
185,35.683364,32.994436
186,35.683314,32.99431
187,35.683276,32.994213
188,35.683145,32.993972
189,35.683031,32.993821
190,35.68283,32.993591
191,35.682657,32.993419
192,35.682496,32.993266
193,35.68241,32.993206
194,35.682214,32.99307
195,35.681725,32.992811
196,35.681115,32.992486
197,35.681355,32.992231
198,35.681585,32.992008
199,35.681935,32.991669
200,35.682365,32.991346
201,35.682863,32.99106
202,35.683308,32.990789
203,35.684109,32.990421
204,35.684117,32.990418
205,35.684616,32.990252
206,35.684927,32.990137
207,35.685118,32.990081
208,35.685294,32.990032
209,35.685641,32.989959
210,35.686915,32.989686
211,35.688582,32.989284
212,35.688587,32.989267
213,35.688619,32.989231
214,35.688664,32.989208
215,35.688685,32.989204
216,35.688716,32.9892
217,35.688759,32.989206
218,35.688798,32.989223
219,35.68881,32.989234
220,35.688829,32.98925
221,35.688846,32.989277
222,35.688855,32.989306
223,35.688853,32.989327
224,35.688852,32.989352
225,35.688834,32.989387
226,35.688822,32.989399
227,35.688892,32.9901
228,35.688907,32.990213
229,35.688918,32.990295
230,35.689024,32.99107
231,35.689091,32.991566
232,35.689117,32.991741
233,35.68913,32.991832
234,35.689208,32.992359
235,35.68922,32.992442
236,35.689268,32.99261
237,35.689301,32.992723
238,35.689544,32.993354
239,35.689743,32.993697
240,35.689805,32.993804
241,35.689812,32.993803
242,35.68985,32.993811
243,35.68987,32.993823
244,35.689885,32.993838
245,35.689901,32.993856
246,35.689915,32.993892
247,35.689914,32.99391
248,35.689911,32.99392
249,35.689937,32.993952
250,35.689976,32.993999
251,35.690259,32.994407
252,35.69049,32.994737
253,35.690551,32.994809
254,35.69065,32.994847
255,35.690708,32.994864
256,35.690781,32.994863
257,35.690896,32.994834
258,35.69107,32.994662
259,35.691748,32.994006
260,35.692253,32.993523
261,35.692466,32.993327
262,35.692883,32.993003
263,35.693513,32.992542
264,35.694223,32.992169
265,35.698076,32.990169
266,35.698797,32.989797
267,35.700115,32.989007
268,35.700401,32.988872
269,35.70046,32.988844
270,35.700684,32.988737
271,35.703729,32.987241
272,35.703723,32.987223
273,35.703722,32.987204
274,35.703725,32.987184
275,35.703731,32.987166
276,35.703742,32.987149
277,35.703752,32.987138
278,35.703758,32.987133
279,35.703768,32.987125
280,35.703781,32.987117
281,35.703795,32.987111
282,35.703809,32.987107
283,35.703824,32.987104
284,35.703839,32.987102
285,35.703855,32.987102
286,35.70387,32.987104
287,35.703885,32.987107
288,35.703899,32.987112
289,35.703913,32.987119
290,35.703925,32.987126
291,35.704567,32.986807
292,35.705113,32.986521
293,35.705684,32.98622
294,35.706964,32.985526
295,35.707334,32.985342
296,35.707718,32.985139
297,35.708727,32.984666
298,35.709156,32.984462
299,35.709915,32.984077
300,35.710562,32.983883
301,35.710935,32.983813
302,35.711388,32.98377
303,35.711876,32.983767
304,35.71245,32.983829
305,35.712734,32.98386
306,35.713232,32.984006
307,35.713634,32.98415
308,35.714174,32.984296
309,35.71446,32.984376
310,35.714741,32.984406
311,35.714898,32.984395
312,35.715094,32.984337
313,35.715286,32.984258
314,35.715519,32.984132
315,35.715887,32.983998
316,35.716072,32.983974
317,35.716252,32.98397
318,35.716393,32.984006
319,35.716506,32.984043
320,35.717081,32.984494
321,35.718889,32.98607
322,35.719074,32.986194
323,35.719402,32.986308
324,35.71974,32.986323
325,35.719951,32.986288
326,35.720332,32.986124
327,35.720953,32.985402
328,35.721757,32.984339
329,35.722644,32.983076
330,35.724803,32.980256
331,35.724999,32.98
332,35.724281,32.979565
333,35.722026,32.977879
334,35.719427,32.975937
335,35.718426,32.975047
336,35.717448,32.974004
337,35.716524,32.97278
338,35.715145,32.970719
339,35.714162,32.968282
340,35.713859,32.967467
341,35.712875,32.965021
342,35.705425,32.945729
343,35.704979,32.944631
344,35.704624,32.943926
345,35.703091,32.941494
346,35.703072,32.941466
347,35.702607,32.940762
348,35.702272,32.94031
349,35.702134,32.940126
350,35.702087,32.940062
351,35.701451,32.939335
352,35.700962,32.938845
353,35.700102,32.938109
354,35.699073,32.937336
355,35.698422,32.936906
356,35.697781,32.936531
357,35.696479,32.935787
358,35.695175,32.935008
359,35.694104,32.934252
360,35.692072,32.932521
361,35.691774,32.932271
362,35.69117,32.931801
363,35.690139,32.931071
364,35.689831,32.930877
365,35.689497,32.930666
366,35.689457,32.930642
367,35.689024,32.930383
368,35.688127,32.929892
369,35.687202,32.929449
370,35.682632,32.927408
371,35.681283,32.926814
372,35.679548,32.926039
373,35.679095,32.925835
374,35.678726,32.925667
375,35.678143,32.925384
376,35.677658,32.925042
377,35.6774,32.924816
378,35.677165,32.924571
379,35.676986,32.924362
380,35.67686,32.924173
381,35.676723,32.92394
382,35.676617,32.923744
383,35.676493,32.923444
384,35.676361,32.922982
385,35.676284,32.922511
386,35.67602,32.920824
387,35.675879,32.9203
388,35.675762,32.920006
389,35.675538,32.919554
390,35.675352,32.919292
391,35.674976,32.918827
392,35.674534,32.918404
393,35.674213,32.918147
394,35.673867,32.917909
395,35.673627,32.917769
396,35.670728,32.915957
397,35.667322,32.91386
398,35.664808,32.9123
399,35.663048,32.911261
400,35.662416,32.910839
401,35.661485,32.910257
402,35.660947,32.909932
403,35.660391,32.909624
404,35.660118,32.909496
405,35.659721,32.909339
406,35.65956,32.909273
407,35.657691,32.908988
408,35.657124,32.908996
409,35.65651,32.909018
410,35.655851,32.909044
411,35.655475,32.909055
412,35.65497,32.909077
413,35.654401,32.909081
414,35.65414,32.909066
415,35.653737,32.908995
416,35.653402,32.908882
417,35.653153,32.908753
418,35.652911,32.908583
419,35.652651,32.908334
420,35.652444,32.908019
421,35.652406,32.907823
422,35.652341,32.907524
423,35.652379,32.906988
424,35.652478,32.906656
425,35.652858,32.905794
426,35.653057,32.90535
427,35.653207,32.904924
428,35.653266,32.904566
429,35.653233,32.904166
430,35.653131,32.903842
431,35.652984,32.903581
432,35.652666,32.903224
433,35.652395,32.903024
434,35.652164,32.902903
435,35.651907,32.902807
436,35.651693,32.902747
437,35.651364,32.902701
438,35.650977,32.902697
439,35.650522,32.902738
440,35.649998,32.902822
441,35.648751,32.903058
442,35.647304,32.903308
443,35.64727,32.903016
444,35.647258,32.902907
445,35.647247,32.90255
446,35.647303,32.902252
447,35.647342,32.902151
448,35.647399,32.902003
449,35.647574,32.901704
450,35.64781,32.901436
451,35.648228,32.901137
452,35.649156,32.900607
453,35.65403,32.897825
454,35.655011,32.897267
455,35.655828,32.896702
456,35.656249,32.896366
457,35.656618,32.896045
458,35.657353,32.895261
459,35.657902,32.89453
460,35.658182,32.894087
461,35.658472,32.893568
462,35.65868,32.893108
463,35.658995,32.892269
464,35.659866,32.889796
465,35.660528,32.887907
466,35.660855,32.88699
467,35.661005,32.886323
468,35.661086,32.885832
469,35.661094,32.885213
470,35.661031,32.884423
471,35.660801,32.883424
472,35.660572,32.882804
473,35.660476,32.882598
474,35.660465,32.882604
475,35.660449,32.882609
476,35.660425,32.882614
477,35.660408,32.882615
478,35.660391,32.882615
479,35.660366,32.882611
480,35.66035,32.882606
481,35.660335,32.882599
482,35.660315,32.882586
483,35.660297,32.882571
484,35.660288,32.882559
485,35.66028,32.882546
486,35.660274,32.882533
487,35.66027,32.882519
488,35.660269,32.882497
489,35.660272,32.882476
490,35.660276,32.882462
491,35.660283,32.882449
492,35.660296,32.882431
493,35.660307,32.88242
494,35.66032,32.88241
495,35.660341,32.882399
496,35.660357,32.882393
497,35.660371,32.882389
498,35.66033,32.882313
499,35.659174,32.880606
500,35.657822,32.878663
501,35.657349,32.87798
502,35.654952,32.874539
503,35.65366,32.87264
504,35.651787,32.869965
505,35.651324,32.86923
506,35.650946,32.868469
507,35.650611,32.867487
508,35.65033,32.865368
509,35.650665,32.862976
510,35.650815,32.861716
511,35.651875,32.854209
512,35.652758,32.8487
513,35.652827,32.848296
514,35.65286,32.847717
515,35.652843,32.847076
516,35.652731,32.846135
517,35.652442,32.844847
518,35.650943,32.837794
519,35.650779,32.837084
520,35.650606,32.835688
521,35.650524,32.834565
522,35.650145,32.830064
523,35.650006,32.828793
524,35.649527,32.82713
525,35.649459,32.826762
526,35.649341,32.826129
527,35.649326,32.825723
528,35.649323,32.825652
529,35.649383,32.825035
530,35.649506,32.824491
531,35.649892,32.823269
532,35.650162,32.82234
533,35.650277,32.821762
534,35.650353,32.821125
535,35.650409,32.819839
536,35.650423,32.81941
537,35.65043,32.819229
538,35.650419,32.818658
539,35.650345,32.817989
540,35.650248,32.817525
541,35.65012,32.816995
542,35.649892,32.8164
543,35.649646,32.81582
544,35.649034,32.814732
545,35.648539,32.814048
546,35.647299,32.812636
547,35.646567,32.811788
548,35.646208,32.81129
549,35.646044,32.811012
550,35.645703,32.810434
551,35.645407,32.809686
552,35.64524,32.809077
553,35.645134,32.808118
554,35.645116,32.807952
555,35.644991,32.806246
556,35.644939,32.804977
557,35.644949,32.804086
558,35.644924,32.803541
559,35.644901,32.803539
560,35.644878,32.803532
561,35.644857,32.803522
562,35.644838,32.803509
563,35.644822,32.803493
564,35.644811,32.803475
565,35.644803,32.803455
566,35.6448,32.803442
567,35.6448,32.803432
568,35.644801,32.803415
569,35.644807,32.803394
570,35.644817,32.803376
571,35.644832,32.803359
572,35.644849,32.803345
573,35.64487,32.803333
574,35.644892,32.803326
575,35.644913,32.803322
576,35.644767,32.800821
577,35.644442,32.793309
578,35.644344,32.790972
579,35.644248,32.789862
580,35.643924,32.788668
581,35.643297,32.78745
582,35.642828,32.786796
583,35.642726,32.78669
584,35.641628,32.785553
585,35.641462,32.785382
586,35.641068,32.784883
587,35.640985,32.784717
588,35.640923,32.784571
589,35.640888,32.784464
590,35.640828,32.784203
591,35.640813,32.784034
592,35.640815,32.783686
593,35.640826,32.783228
594,35.64089,32.779894
595,35.640841,32.775525
596,35.640803,32.773551
597,35.640293,32.770899
598,35.639934,32.76886
599,35.639702,32.76787
600,35.639513,32.767054
601,35.639299,32.766237
602,35.639068,32.765346
603,35.638865,32.764833
604,35.638403,32.763793
605,35.637883,32.76265
606,35.637783,32.762455
607,35.6375,32.761908
608,35.637294,32.761443
609,35.637191,32.761135
610,35.637166,32.760979
611,35.637175,32.760753
612,35.637152,32.760656
613,35.637153,32.760593
614,35.637206,32.76033
615,35.637225,32.759922
616,35.637223,32.759575
617,35.637205,32.759356
618,35.637148,32.759021
619,35.637091,32.75873
620,35.636842,32.757678
621,35.636619,32.756744
622,35.636382,32.755643
623,35.636169,32.754677
624,35.636143,32.754308
625,35.63618,32.754041
626,35.636248,32.753718
627,35.636283,32.753501
628,35.6363,32.753307
629,35.63624,32.752848
630,35.63612,32.752184
631,35.635996,32.751529
632,35.635825,32.750903
633,35.635622,32.750265
634,35.635234,32.749072
635,35.635142,32.748808
636,35.634924,32.74818
637,35.634735,32.747661
638,35.634542,32.747105
639,35.634457,32.746866
640,35.634403,32.746627
641,35.634371,32.746344
642,35.634324,32.745358
643,35.634262,32.744496
644,35.634228,32.744315
645,35.63401,32.743153
646,35.633553,32.74063
647,35.633514,32.740455
648,35.633274,32.739366
649,35.632862,32.737126
650,35.632745,32.736543
651,35.63264,32.736018
652,35.632453,32.735382
653,35.63216,32.734787
654,35.631912,32.734402
655,35.628679,32.73035
656,35.627724,32.729152
657,35.626939,32.728172
658,35.626314,32.727392
659,35.624618,32.725274
660,35.624118,32.724623
661,35.62333,32.723658
662,35.621789,32.721793
663,35.621321,32.721286
664,35.621023,32.720976
665,35.619398,32.719286
666,35.614399,32.714082
667,35.610172,32.709732
668,35.602861,32.702174
669,35.602701,32.702146
670,35.602526,32.702177
671,35.602185,32.702275
672,35.601776,32.702542
673,35.600448,32.703428
674,35.599639,32.703929
675,35.598908,32.704429
676,35.598717,32.704541
677,35.598508,32.704647
678,35.598209,32.70477
679,35.597827,32.704882
680,35.597474,32.70497
681,35.597193,32.705049
682,35.596198,32.705298
683,35.595871,32.705357
684,35.595635,32.705377
685,35.595354,32.705378
686,35.595095,32.705353
687,35.594482,32.705288
688,35.593656,32.705164
689,35.593051,32.705064
690,35.592632,32.704997
691,35.592493,32.704975
692,35.592206,32.704905
693,35.591798,32.70479
694,35.591415,32.704685
695,35.590264,32.704349
696,35.589688,32.704194
697,35.589431,32.704134
698,35.589239,32.704114
699,35.58911,32.704122
700,35.589048,32.704125
701,35.588521,32.704211
702,35.587726,32.704403
703,35.587003,32.704568
704,35.586649,32.704649
705,35.586651,32.704666
706,35.586652,32.704676
707,35.586651,32.704685
708,35.586649,32.704704
709,35.586644,32.704723
710,35.58664,32.704732
711,35.586636,32.704741
712,35.586626,32.704757
713,35.58662,32.704765
714,35.586607,32.70478
715,35.586592,32.704793
716,35.586583,32.704799
717,35.586566,32.70481
718,35.586556,32.704814
719,35.586537,32.704821
720,35.586527,32.704824
721,35.586517,32.704826
722,35.586496,32.704829
723,35.586485,32.70483
724,35.586464,32.704829
725,35.586454,32.704827
726,35.586433,32.704823
727,35.586413,32.704817
728,35.586404,32.704812
729,35.586395,32.704808
730,35.586377,32.704797
731,35.586362,32.704784
732,35.586354,32.704777
733,35.586341,32.704762
734,35.586336,32.704754
735,35.586331,32.704746
736,35.586323,32.704728
737,35.586319,32.704719
738,35.586314,32.7047
739,35.586312,32.704682
740,35.586313,32.704662
741,35.586316,32.704644
742,35.586322,32.704625
743,35.58633,32.704608
744,35.586341,32.704591
745,35.586354,32.704576
746,35.586368,32.704562
747,35.586385,32.70455
748,35.586392,32.704546
749,35.586477,32.704191
750,35.586569,32.703415
751,35.586584,32.70326
752,35.586579,32.703154
753,35.586552,32.703
754,35.58654,32.702993
755,35.586522,32.702977
756,35.586504,32.702951
757,35.586496,32.702929
758,35.586493,32.702892
759,35.586496,32.702879
760,35.5865,32.702862
761,35.586516,32.702835
762,35.586527,32.702823
763,35.586546,32.702808
764,35.586568,32.702795
765,35.586601,32.702785
766,35.586636,32.702781
767,35.586674,32.702788
768,35.586856,32.701447
769,35.586777,32.700895
770,35.586568,32.700073
771,35.586172,32.698849
772,35.585829,32.697702
773,35.584477,32.692688
774,35.584452,32.6926
775,35.583158,32.688032
776,35.581965,32.683734
777,35.580656,32.679092
778,35.580147,32.677289
779,35.579831,32.676159
780,35.578421,32.671125
781,35.577428,32.667341
782,35.576916,32.665389
783,35.576505,32.663993
784,35.575681,32.661469
785,35.575637,32.661313
786,35.575213,32.659662
787,35.575127,32.659451
788,35.575023,32.659251
789,35.574821,32.658992
790,35.574651,32.658821
791,35.574213,32.658516
792,35.57345,32.658017
793,35.572797,32.657568
794,35.57205,32.656892
795,35.571503,32.656131
796,35.571416,32.655894
797,35.571201,32.655442
798,35.571058,32.655152
799,35.570903,32.654878
800,35.570813,32.654747
801,35.57071,32.654628
802,35.570574,32.654505
803,35.570323,32.654339
804,35.570142,32.654247
805,35.569987,32.654182
806,35.56988,32.654137
807,35.569806,32.654109
808,35.569657,32.654049
809,35.568621,32.653642
810,35.568173,32.653463
811,35.567544,32.653075
812,35.563161,32.649911
813,35.560867,32.647985
814,35.560585,32.647748
815,35.55988,32.647082
816,35.55928,32.646115
817,35.559085,32.645368
818,35.559081,32.643444
819,35.559024,32.642989
820,35.558904,32.642595
821,35.558761,32.642309
822,35.558513,32.641853
823,35.558175,32.641408
824,35.556179,32.639456
825,35.555798,32.639048
826,35.555527,32.638661
827,35.555391,32.63836
828,35.5552,32.637952
829,35.555056,32.637463
830,35.555022,32.636928
831,35.55506,32.636379
832,35.555147,32.63582
833,35.555569,32.633123
834,35.5556,32.632754
835,35.555479,32.631556
836,35.555476,32.631529
837,35.555443,32.6313
838,35.555278,32.629374
839,35.555277,32.628959
840,35.555718,32.62652
841,35.556044,32.624972
842,35.556122,32.624523
843,35.556167,32.624021
844,35.556173,32.623378
845,35.556124,32.623037
846,35.55606,32.622394
847,35.555815,32.621275
848,35.555708,32.620967
849,35.555609,32.620769
850,35.55549,32.620525
851,35.555359,32.620306
852,35.555204,32.620127
853,35.554767,32.61968
854,35.554569,32.619526
855,35.554315,32.619346
856,35.55403,32.619146
857,35.553782,32.618984
858,35.553402,32.618714
859,35.553166,32.618518
860,35.552954,32.618338
861,35.552676,32.618052
862,35.552409,32.617741
863,35.552272,32.617558
864,35.551864,32.616917
865,35.551361,32.61609
866,35.550998,32.615529
867,35.550491,32.614678
868,35.54996,32.613825
869,35.54976,32.613507
870,35.549423,32.613117
871,35.548875,32.612515
872,35.548362,32.611972
873,35.54773,32.611275
874,35.547449,32.610914
875,35.547204,32.610519
876,35.545928,32.607875
877,35.545251,32.606526
878,35.544062,32.603997
879,35.54392,32.603628
880,35.543872,32.603271
881,35.543864,32.602987
882,35.543935,32.602176
883,35.544302,32.599844
884,35.544347,32.599384
885,35.544345,32.598851
886,35.544254,32.59783
887,35.544247,32.597603
888,35.544218,32.597189
889,35.54423,32.596781
890,35.544302,32.596224
891,35.544401,32.595816
892,35.544473,32.595566
893,35.544526,32.595356
894,35.544606,32.5951
895,35.544616,32.595072
896,35.545077,32.59384
897,35.545468,32.592818
898,35.545713,32.592119
899,35.546024,32.591035
900,35.546698,32.588628
901,35.546824,32.588111
902,35.546909,32.587708
903,35.546948,32.587345
904,35.546953,32.586931
905,35.546993,32.585907
906,35.547012,32.585536
907,35.547015,32.585478
908,35.54719,32.584691
909,35.547417,32.583689
910,35.547476,32.583024
911,35.547556,32.582095
912,35.54767,32.581436
913,35.548001,32.580796
914,35.548662,32.579637
915,35.548857,32.579144
916,35.549351,32.577579
917,35.549786,32.575912
918,35.550127,32.574693
919,35.550326,32.573809
920,35.550502,32.573203
921,35.550542,32.572773
922,35.550432,32.572044
923,35.550101,32.570927
924,35.549627,32.569229
925,35.549366,32.567955
926,35.549331,32.566845
927,35.549328,32.565852
928,35.549193,32.565209
929,35.548971,32.5646
930,35.548367,32.563746
931,35.546318,32.561328
932,35.544598,32.559307
933,35.542984,32.557168
934,35.542261,32.556169
935,35.541351,32.554904
936,35.540625,32.55383
937,35.53942,32.551723
938,35.53921,32.551237
939,35.539016,32.550743
940,35.538976,32.550253
941,35.539022,32.549466
942,35.539101,32.548386
943,35.539093,32.548317
944,35.539052,32.547942
945,35.538912,32.547438
946,35.538494,32.54636
947,35.538053,32.545215
948,35.53727,32.543022
949,35.537211,32.54271
950,35.537182,32.542443
951,35.537227,32.541969
952,35.537363,32.541299
953,35.537402,32.540879
954,35.537378,32.540494
955,35.537302,32.540109
956,35.537041,32.539286
957,35.536742,32.538566
958,35.536118,32.537313
959,35.536015,32.536922
960,35.535985,32.536716
961,35.535972,32.536537
962,35.535994,32.536307
963,35.536012,32.536107
964,35.53614,32.535576
965,35.536287,32.534956
966,35.53633,32.534641
967,35.536347,32.53421
968,35.536252,32.53334
969,35.536195,32.532398
970,35.536231,32.531171
971,35.536313,32.529655
972,35.536299,32.52909
973,35.536124,32.528603
974,35.535774,32.52802
975,35.535082,32.527333
976,35.533853,32.526302
977,35.533023,32.525554
978,35.53238,32.525142
979,35.531972,32.524976
980,35.53106,32.524683
981,35.530185,32.524378
982,35.529955,32.52426
983,35.529755,32.524147
984,35.529539,32.523997
985,35.529302,32.523791
986,35.529056,32.523553
987,35.52832,32.522752
988,35.527733,32.52212
989,35.527363,32.521701
990,35.526358,32.520674
991,35.525722,32.5201
992,35.525339,32.519515
993,35.525026,32.519077
994,35.524837,32.51871
995,35.524679,32.51833
996,35.52451,32.517681
997,35.524409,32.51706
998,35.524377,32.51679
999,35.524251,32.516355
1000,35.524022,32.515945
1001,35.52378,32.515631
1002,35.523592,32.515454
1003,35.523514,32.515381
1004,35.523048,32.515046
1005,35.522662,32.514819
1006,35.521991,32.514375
1007,35.521287,32.513608
1008,35.52101,32.512933
1009,35.520953,32.512455
1010,35.520897,32.512024
1011,35.520875,32.51167
1012,35.520856,32.511194
1013,35.520854,32.510758
1014,35.520773,32.510132
1015,35.520717,32.50968
1016,35.52063,32.509333
1017,35.520451,32.509033
1018,35.520199,32.508668
1019,35.519965,32.508336
1020,35.519345,32.507637
1021,35.519332,32.507648
1022,35.519317,32.507657
1023,35.519302,32.507665
1024,35.519285,32.507671
1025,35.519268,32.507675
1026,35.51925,32.507677
1027,35.519232,32.507677
1028,35.519214,32.507676
1029,35.519197,32.507672
1030,35.51918,32.507667
1031,35.519164,32.50766
1032,35.519149,32.507651
1033,35.519135,32.507641
1034,35.519124,32.50763
1035,35.519113,32.507617
1036,35.519107,32.507607
1037,35.518459,32.507959
1038,35.51829,32.508055
1039,35.517609,32.508443
1040,35.517377,32.508553
1041,35.517298,32.50859
1042,35.509552,32.51107
1043,35.508468,32.511393
1044,35.507934,32.511557
1045,35.507192,32.511777
1046,35.506843,32.511859
1047,35.506482,32.511894
1048,35.505972,32.511893
1049,35.505667,32.511925
1050,35.505385,32.511989
1051,35.50492,32.512124
1052,35.504421,32.512266
1053,35.50424,32.51231
1054,35.503973,32.512336
1055,35.503723,32.512333
1056,35.503599,32.512312
1057,35.503036,32.512177
1058,35.502313,32.511986
1059,35.501703,32.511888
1060,35.500983,32.511816
1061,35.500559,32.511763
1062,35.500203,32.511737
1063,35.499415,32.511672
1064,35.498933,32.511634
1065,35.498625,32.511631
1066,35.498402,32.511638
1067,35.497889,32.511697
1068,35.497156,32.511821
1069,35.496966,32.511847
1070,35.495928,32.512105
1071,35.495924,32.512117
1072,35.49592,32.512142
1073,35.495913,32.512166
1074,35.495903,32.51219
1075,35.495896,32.512201
1076,35.495881,32.512222
1077,35.495872,32.512232
1078,35.495852,32.512251
1079,35.49583,32.512267
1080,35.495818,32.512275
1081,35.495792,32.512287
1082,35.495765,32.512297
1083,35.495737,32.512303
1084,35.495708,32.512307
1085,35.495679,32.512307
1086,35.49565,32.512305
1087,35.495621,32.512299
1088,35.495299,32.512811
1089,35.495203,32.512945
1090,35.495008,32.513155
1091,35.494862,32.513278
1092,35.494493,32.513548
1093,35.494426,32.513598
1094,35.49376,32.514035
1095,35.493287,32.51435
1096,35.492847,32.514638
1097,35.492709,32.514731
1098,35.492449,32.514902
1099,35.492144,32.515099
1100,35.491778,32.515338
1101,35.491627,32.51544
1102,35.490328,32.516303
1103,35.488603,32.517434
1104,35.485998,32.51914
1105,35.485366,32.519551
1106,35.484215,32.520325
1107,35.484025,32.520458
1108,35.483697,32.520688
1109,35.481702,32.521922
1110,35.481205,32.5222
1111,35.480558,32.522527
1112,35.47928,32.523187
1113,35.466193,32.529604
1114,35.464389,32.530482
1115,35.463685,32.530833
1116,35.462065,32.531632
1117,35.460665,32.532316
1118,35.45955,32.532788
1119,35.458235,32.533315
1120,35.454576,32.534827
1121,35.453253,32.535375
1122,35.451341,32.536138
1123,35.450509,32.536495
1124,35.444737,32.538875
1125,35.4437,32.539293
1126,35.440003,32.540795
1127,35.439207,32.54114
1128,35.436705,32.542133
1129,35.436236,32.54231
1130,35.436079,32.542369
1131,35.434555,32.543023
1132,35.434274,32.543144
1133,35.431978,32.544089
1134,35.430535,32.54467
1135,35.427513,32.545893
1136,35.425437,32.546758
1137,35.424904,32.546952
1138,35.42447,32.547067
1139,35.424029,32.547159
1140,35.423375,32.547214
1141,35.422642,32.547282
1142,35.421532,32.547392
1143,35.420294,32.547509
1144,35.419084,32.547625
1145,35.415015,32.548012
1146,35.413101,32.548208
1147,35.411722,32.548369
1148,35.410009,32.548518
1149,35.408512,32.548654
1150,35.406942,32.548803
1151,35.405387,32.54894
1152,35.403256,32.549163
1153,35.400549,32.549423
1154,35.399081,32.549572
1155,35.398375,32.549707
1156,35.397627,32.54994
1157,35.394726,32.550846
1158,35.394463,32.550929
1159,35.394195,32.551013
1160,35.393703,32.551189
1161,35.392944,32.55146
1162,35.39159,32.551944
1163,35.385459,32.553922
1164,35.384555,32.554238
1165,35.383165,32.554733
1166,35.382879,32.554834
1167,35.382511,32.55495
1168,35.381938,32.55513
1169,35.381349,32.555324
1170,35.380962,32.555446
1171,35.379657,32.555907
1172,35.377549,32.556635
1173,35.375675,32.557273
1174,35.373241,32.558086
1175,35.372725,32.558235
1176,35.372127,32.558346
1177,35.371784,32.558362
1178,35.371382,32.558367
1179,35.370837,32.558333
1180,35.370791,32.558328
1181,35.370518,32.558303
1182,35.370101,32.558236
1183,35.369825,32.558169
1184,35.369209,32.557989
1185,35.368197,32.55761
1186,35.36702,32.557196
1187,35.366623,32.557095
1188,35.366154,32.557038
1189,35.365691,32.557011
1190,35.365462,32.557047
1191,35.365357,32.557064
1192,35.365124,32.557102
1193,35.364728,32.557188
1194,35.364143,32.557349
1195,35.36335,32.557576
1196,35.362617,32.557787
1197,35.355604,32.559651
1198,35.353787,32.560144
1199,35.352983,32.560359
1200,35.35213,32.560602
1201,35.351068,32.560953
1202,35.350896,32.561037
1203,35.35055,32.561208
1204,35.350284,32.560842
1205,35.349552,32.559836
1206,35.34938,32.559646
1207,35.349072,32.559368
1208,35.347483,32.55814
1209,35.347357,32.558048
1210,35.343398,32.555164
1211,35.341808,32.554006
1212,35.341064,32.553692
1213,35.340812,32.553601
1214,35.340352,32.553488
1215,35.336938,32.553375
1216,35.336223,32.553355
1217,35.33563,32.553356
1218,35.335342,32.5534
1219,35.335167,32.553489
1220,35.335046,32.553608
1221,35.334523,32.55414
1222,35.334236,32.554287
1223,35.334005,32.554359
1224,35.33338,32.554474
1225,35.329962,32.555179
1226,35.328322,32.55555
1227,35.327951,32.555562
1228,35.327722,32.555545
1229,35.32682,32.555377
1230,35.326512,32.555355
1231,35.326365,32.555369
1232,35.326096,32.555447
1233,35.325807,32.555601
1234,35.324527,32.556637
1235,35.324244,32.55683
1236,35.323902,32.557011
1237,35.323308,32.557303
1238,35.321576,32.557561
1239,35.320499,32.557717
1240,35.318851,32.557964
1241,35.318221,32.558038
1242,35.317738,32.558096
1243,35.316934,32.558289
1244,35.316217,32.558461
1245,35.315738,32.558675
1246,35.315506,32.558778
1247,35.315049,32.559023
1248,35.313233,32.560313
1249,35.312838,32.560559
1250,35.312471,32.560738
1251,35.31193,32.560924
1252,35.310835,32.561105
1253,35.308424,32.561445
1254,35.307374,32.56157
1255,35.305388,32.561703
1256,35.304022,32.56177
1257,35.298359,32.562043
1258,35.292441,32.56229
1259,35.291732,32.562319
1260,35.290357,32.562371
1261,35.284815,32.56258
1262,35.28095,32.562783
1263,35.278654,32.56297
1264,35.272928,32.564185
1265,35.262921,32.566541
1266,35.260192,32.567183
1267,35.259735,32.56729
1268,35.258703,32.567532
1269,35.255323,32.568238
1270,35.253807,32.568859
1271,35.252241,32.569856
1272,35.251313,32.570654
1273,35.250529,32.571524
1274,35.250235,32.571942
1275,35.249233,32.573858
1276,35.248998,32.574272
1277,35.248438,32.575254
1278,35.244922,32.581974
1279,35.244294,32.583162
1280,35.244027,32.583658
1281,35.242759,32.586082
1282,35.241572,32.588306
1283,35.240319,32.590743
1284,35.240106,32.591157
1285,35.240027,32.591304
1286,35.239025,32.590931
1287,35.23795,32.590527
1288,35.237378,32.590296
1289,35.237064,32.590167
1290,35.236705,32.590036
1291,35.233302,32.588731
1292,35.211751,32.580498
1293,35.206494,32.578501
1294,35.199872,32.57597
1295,35.196984,32.574869
1296,35.194613,32.573962
1297,35.192533,32.573166
1298,35.192255,32.573072
1299,35.191901,32.572944
1300,35.191798,32.572907
1301,35.191883,32.572754
1302,35.191927,32.572674
1303,35.192053,32.572468
1304,35.192168,32.572278
1305,35.192466,32.571808
1306,35.192965,32.571195
1307,35.193494,32.570505
1308,35.193652,32.570277
1309,35.193935,32.570398
1310,35.196429,32.571464
1311,35.196537,32.571532
1312,35.196592,32.571581
1313,35.196641,32.571652
1314,35.19666,32.571714
1315,35.196657,32.571769
1316,35.196639,32.571832
1317,35.196508,32.572116
1318,35.196392,32.572409
1319,35.196376,32.572597
1320,35.196425,32.572769
1321,35.19652,32.572889
1322,35.196581,32.572963
1323,35.196577,32.57313
1324,35.196577,32.573204
1325,35.196577,32.57313
1326,35.196581,32.572963
1327,35.19652,32.572889
1328,35.196425,32.572769
1329,35.196376,32.572597
1330,35.196392,32.572409
1331,35.196508,32.572116
1332,35.196639,32.571832
1333,35.196657,32.571769
1334,35.19666,32.571714
1335,35.196641,32.571652
1336,35.196592,32.571581
1337,35.196537,32.571532
1338,35.196429,32.571464
1339,35.193935,32.570398
1340,35.193756,32.570419
1341,35.193698,32.570429
1342,35.193604,32.57046
1343,35.193494,32.570505
1344,35.192965,32.571195
1345,35.192201,32.57244
1346,35.191997,32.572795
1347,35.191901,32.572944
1348,35.191798,32.572907
1349,35.191479,32.572795
1350,35.190827,32.572565
1351,35.189982,32.572298
1352,35.18826,32.571794
1353,35.187606,32.571612
1354,35.186087,32.571169
1355,35.185815,32.57108
1356,35.185626,32.571013
1357,35.184841,32.57063
1358,35.184533,32.570455
1359,35.183699,32.569957
1360,35.182993,32.569537
1361,35.182567,32.569273
1362,35.18224,32.569061
1363,35.181843,32.568831
1364,35.179998,32.567699
1365,35.179645,32.567433
1366,35.179293,32.567083
1367,35.17905,32.566831
1368,35.17867,32.566409
1369,35.178543,32.566257
1370,35.177976,32.565594
1371,35.177789,32.565384
1372,35.177497,32.565104
1373,35.177199,32.564843
1374,35.176814,32.564539
1375,35.176301,32.564194
1376,35.175806,32.563919
1377,35.17521,32.563704
1378,35.174439,32.563419
1379,35.173965,32.563218
1380,35.173701,32.563074
1381,35.173458,32.562938
1382,35.173145,32.562719
1383,35.172858,32.562476
1384,35.172599,32.562233
1385,35.172346,32.561953
1386,35.172153,32.561687
1387,35.172021,32.561468
1388,35.1719,32.561221
1389,35.171839,32.561015
1390,35.171823,32.560861
1391,35.171823,32.560633
1392,35.17185,32.560437
1393,35.171922,32.560166
1394,35.172021,32.559858
1395,35.172093,32.559574
1396,35.172088,32.559289
1397,35.17206,32.559088
1398,35.172005,32.558916
1399,35.171945,32.55879
1400,35.171868,32.558682
1401,35.17173,32.558514
1402,35.171612,32.558416
1403,35.171388,32.558253
1404,35.170061,32.557599
1405,35.169752,32.557408
1406,35.169521,32.557212
1407,35.169345,32.557011
1408,35.169251,32.55681
1409,35.169191,32.556614
1410,35.169097,32.556317
1411,35.169004,32.556143
1412,35.168915,32.556003
1413,35.168772,32.555849
1414,35.168607,32.555718
1415,35.168436,32.55562
1416,35.168161,32.555466
1417,35.167851,32.555264
1418,35.167552,32.555073
1419,35.167515,32.555045
1420,35.167375,32.55494
1421,35.167266,32.554858
1422,35.167001,32.554597
1423,35.166572,32.554111
1424,35.166268,32.553646
1425,35.1659,32.553094
1426,35.165647,32.552694
1427,35.165402,32.552326
1428,35.165134,32.551977
1429,35.16488,32.551675
1430,35.164639,32.55142
1431,35.164564,32.551341
1432,35.16446,32.551234
1433,35.164205,32.550973
1434,35.163744,32.5505
1435,35.163625,32.55037
1436,35.163485,32.550218
1437,35.16323,32.549879
1438,35.163011,32.549545
1439,35.162823,32.549203
1440,35.162581,32.548719
1441,35.161718,32.547065
1442,35.16149,32.546693
1443,35.161196,32.546225
1444,35.160871,32.545775
1445,35.160402,32.545139
1446,35.160051,32.544708
1447,35.159898,32.544515
1448,35.159371,32.543949
1449,35.159231,32.543823
1450,35.158937,32.54357
1451,35.158551,32.543273
1452,35.158134,32.542956
1453,35.157687,32.542637
1454,35.15738,32.54241
1455,35.157086,32.54218
1456,35.156967,32.542095
1457,35.156654,32.541855
1458,35.156366,32.541634
1459,35.155767,32.541174
1460,35.155304,32.540809
1461,35.154981,32.540535
1462,35.154643,32.540218
1463,35.154331,32.539878
1464,35.154023,32.539536
1465,35.153644,32.539119
1466,35.153263,32.538708
1467,35.152675,32.538142
1468,35.152521,32.538001
1469,35.15208,32.53763
1470,35.151562,32.537191
1471,35.150941,32.536683
1472,35.149608,32.535556
1473,35.149472,32.535438
1474,35.149182,32.535173
1475,35.148969,32.534958
1476,35.148844,32.534807
1477,35.14862,32.534504
1478,35.148382,32.534188
1479,35.147873,32.533542
1480,35.147627,32.533227
1481,35.147578,32.533163
1482,35.147494,32.533065
1483,35.147246,32.532733
1484,35.146991,32.532439
1485,35.146743,32.532179
1486,35.146482,32.531918
1487,35.145796,32.531309
1488,35.145181,32.530794
1489,35.144417,32.53014
1490,35.143764,32.529575
1491,35.14217,32.528223
1492,35.139772,32.526156
1493,35.139249,32.525773
1494,35.138472,32.525252
1495,35.137727,32.524826
1496,35.137119,32.524526
1497,35.137,32.524473
1498,35.136511,32.524255
1499,35.135871,32.524028
1500,35.135387,32.523866
1501,35.134845,32.523744
1502,35.134381,32.523666
1503,35.13359,32.523588
1504,35.132355,32.523488
1505,35.13193,32.523449
1506,35.131564,32.523393
1507,35.13131,32.523335
1508,35.131276,32.523327
1509,35.130956,32.523244
1510,35.130499,32.523077
1511,35.130316,32.522988
1512,35.129976,32.522828
1513,35.129669,32.522634
1514,35.12964,32.522612
1515,35.129388,32.522429
1516,35.129133,32.522212
1517,35.128996,32.522057
1518,35.12878,32.521852
1519,35.128572,32.521575
1520,35.128297,32.521176
1521,35.128147,32.520971
1522,35.12803,32.520811
1523,35.127834,32.520511
1524,35.127566,32.520162
1525,35.127344,32.519891
1526,35.127148,32.519697
1527,35.126933,32.519492
1528,35.12643,32.519137
1529,35.126097,32.518932
1530,35.125809,32.518799
1531,35.125469,32.518666
1532,35.125116,32.518533
1533,35.124777,32.518416
1534,35.124012,32.518167
1535,35.123764,32.518067
1536,35.123542,32.517989
1537,35.123248,32.517839
1538,35.123019,32.517701
1539,35.122823,32.517595
1540,35.122627,32.517451
1541,35.122438,32.517324
1542,35.122131,32.517058
1543,35.121896,32.516814
1544,35.121654,32.516531
1545,35.121484,32.516326
1546,35.121282,32.516055
1547,35.120775,32.515361
1548,35.120497,32.515006
1549,35.120374,32.514875
1550,35.120177,32.514666
1551,35.119957,32.514463
1552,35.119936,32.514447
1553,35.119688,32.514255
1554,35.118862,32.513666
1555,35.117083,32.512359
1556,35.116952,32.512263
1557,35.116109,32.511666
1558,35.115282,32.511147
1559,35.114265,32.51055
1560,35.113446,32.510129
1561,35.113187,32.510003
1562,35.112462,32.509652
1563,35.11152,32.509238
1564,35.110122,32.508718
1565,35.108774,32.508289
1566,35.107377,32.507903
1567,35.105938,32.507579
1568,35.104371,32.5073
1569,35.104358,32.507298
1570,35.101464,32.506918
1571,35.099131,32.506606
1572,35.098675,32.506542
1573,35.098095,32.506462
1574,35.096972,32.506308
1575,35.095513,32.506104
1576,35.095451,32.506084
1577,35.092523,32.505661
1578,35.090902,32.505415
1579,35.090604,32.505337
1580,35.090248,32.505253
1581,35.089794,32.505098
1582,35.089289,32.504887
1583,35.088802,32.504642
1584,35.088173,32.504277
1585,35.087421,32.503841
1586,35.086562,32.503371
1587,35.08609,32.503139
1588,35.08597,32.503091
1589,35.085855,32.503045
1590,35.085627,32.50297
1591,35.085098,32.502823
1592,35.084677,32.502724
1593,35.084155,32.502639
1594,35.083105,32.502491
1595,35.081294,32.502265
1596,35.079883,32.502095
1597,35.07959,32.50206
1598,35.079432,32.502043
1599,35.079011,32.501997
1600,35.078915,32.50199
1601,35.077605,32.501904
1602,35.076034,32.501804
1603,35.075538,32.501755
1604,35.074851,32.501649
1605,35.074148,32.501501
1606,35.073321,32.501318
1607,35.073119,32.501271
1608,35.072586,32.501135
1609,35.070799,32.500726
1610,35.069369,32.500395
1611,35.068526,32.500163
1612,35.068021,32.499973
1613,35.067869,32.499905
1614,35.067616,32.499791
1615,35.067211,32.499601
1616,35.066711,32.499323
1617,35.064674,32.498143
1618,35.064357,32.497961
1619,35.064034,32.497767
1620,35.063501,32.497466
1621,35.063264,32.497332
1622,35.063042,32.497206
1623,35.062989,32.497175
1624,35.060286,32.495604
1625,35.058956,32.494735
1626,35.054619,32.491944
1627,35.049305,32.488339
1628,35.047052,32.486849
1629,35.045429,32.485748
1630,35.044352,32.485017
1631,35.043666,32.484572
1632,35.042991,32.484211
1633,35.042283,32.483933
1634,35.041434,32.48372
1635,35.04054,32.48358
1636,35.039636,32.48344
1637,35.038274,32.483244
1638,35.038033,32.483209
1639,35.037563,32.48314
1640,35.037355,32.48311
1641,35.037065,32.483067
1642,35.034601,32.482679
1643,35.034461,32.482657
1644,35.034305,32.482629
1645,35.033296,32.482448
1646,35.032271,32.482285
1647,35.031866,32.482203
1648,35.03159,32.482147
1649,35.031382,32.482105
1650,35.030743,32.481984
1651,35.029503,32.481781
1652,35.028619,32.481666
1653,35.027519,32.481564
1654,35.026784,32.481489
1655,35.026392,32.48145
1656,35.026018,32.481411
1657,35.025454,32.481353
1658,35.025173,32.481311
1659,35.02512,32.481303
1660,35.024809,32.481251
1661,35.024207,32.481112
1662,35.023382,32.480853
1663,35.022588,32.480556
1664,35.021764,32.480189
1665,35.021148,32.479886
1666,35.020569,32.479577
1667,35.019805,32.47911
1668,35.018692,32.478409
1669,35.016525,32.477058
1670,35.01579,32.476585
1671,35.015205,32.47618
1672,35.014877,32.475909
1673,35.014539,32.475557
1674,35.014238,32.475238
1675,35.013919,32.474815
1676,35.012691,32.473242
1677,35.01208,32.472459
1678,35.011696,32.471948
1679,35.011377,32.471549
1680,35.011109,32.471256
1681,35.010959,32.47112
1682,35.010715,32.47092
1683,35.010551,32.470796
1684,35.010391,32.470684
1685,35.010076,32.470505
1686,35.009742,32.470343
1687,35.00962,32.470287
1688,35.009357,32.470174
1689,35.009103,32.470086
1690,35.008567,32.469926
1691,35.008069,32.46983
1692,35.007542,32.469773
1693,35.003851,32.469584
1694,35.003103,32.469559
1695,35.002172,32.469489
1696,35.00156,32.469432
1697,35.000869,32.469349
1698,35.000483,32.469291
1699,34.99998,32.469187
1700,34.999604,32.46907
1701,34.999181,32.468926
1702,34.998796,32.468762
1703,34.998373,32.468538
1704,34.997875,32.468226
1705,34.997659,32.468066
1706,34.997134,32.467663
1707,34.995603,32.466452
1708,34.994861,32.465877
1709,34.994528,32.465605
1710,34.994331,32.465435
1711,34.993903,32.465088
1712,34.993613,32.464852
1713,34.993276,32.464592
1714,34.993216,32.464546
1715,34.992739,32.464125
1716,34.992381,32.463705
1717,34.99186,32.462978
1718,34.991424,32.462374
1719,34.991116,32.461968
1720,34.990878,32.461676
1721,34.990566,32.46137
1722,34.990202,32.46106
1723,34.990104,32.46099
1724,34.989979,32.4609
1725,34.989545,32.460596
1726,34.989035,32.460305
1727,34.986773,32.459087
1728,34.986464,32.458922
1729,34.9861,32.458723
1730,34.985537,32.458417
1731,34.983257,32.457195
1732,34.982223,32.456629
1733,34.981633,32.456308
1734,34.977279,32.454003
1735,34.976327,32.453479
1736,34.975803,32.45322
1737,34.975253,32.452996
1738,34.974654,32.452807
1739,34.974384,32.452741
1740,34.974039,32.452674
1741,34.9733,32.452568
1742,34.97101,32.452313
1743,34.969064,32.452087
1744,34.968063,32.451953
1745,34.967505,32.451847
1746,34.966939,32.4517
1747,34.966619,32.451602
1748,34.96629,32.451497
1749,34.965725,32.451266
1750,34.962418,32.449714
1751,34.96188,32.449462
1752,34.961386,32.449235
1753,34.960899,32.449013
1754,34.960594,32.448886
1755,34.96004,32.448653
1756,34.959405,32.448413
1757,34.958451,32.448112
1758,34.958082,32.448006
1759,34.957748,32.447926
1760,34.957381,32.447837
1761,34.956899,32.447739
1762,34.956006,32.44756
1763,34.952901,32.446939
1764,34.951189,32.446578
1765,34.950005,32.446328
1766,34.949881,32.446306
1767,34.948978,32.446137
1768,34.948916,32.446126
1769,34.948375,32.446075
1770,34.948051,32.446049
1771,34.947627,32.446054
1772,34.947167,32.446088
1773,34.946832,32.446132
1774,34.946313,32.446241
1775,34.945936,32.44636
1776,34.945476,32.446524
1777,34.945087,32.446698
1778,34.944609,32.446971
1779,34.944208,32.447235
1780,34.943913,32.447474
1781,34.943629,32.447718
1782,34.943518,32.447807
1783,34.943399,32.447922
1784,34.943139,32.448227
1785,34.942914,32.448516
1786,34.942749,32.44878
1787,34.942589,32.449059
1788,34.942435,32.449394
1789,34.941354,32.452514
1790,34.940865,32.453978
1791,34.940189,32.455936
1792,34.939976,32.4564
1793,34.939757,32.456799
1794,34.939467,32.457262
1795,34.938947,32.457956
1796,34.938232,32.45888
1797,34.937957,32.459236
1798,34.937645,32.459639
1799,34.937065,32.460389
1800,34.936606,32.460976
1801,34.936194,32.461472
1802,34.935786,32.461917
1803,34.935615,32.462082
1804,34.935434,32.462222
1805,34.935138,32.462437
1806,34.934782,32.462659
1807,34.93443,32.46285
1808,34.934231,32.462944
1809,34.934047,32.46301
1810,34.933895,32.463062
1811,34.933607,32.463162
1812,34.933247,32.463255
1813,34.933002,32.463297
1814,34.932794,32.463332
1815,34.932332,32.463392
1816,34.931565,32.463435
1817,34.928352,32.463666
1818,34.927235,32.463742
1819,34.926682,32.46378
1820,34.924825,32.46391
1821,34.922205,32.464095
1822,34.921414,32.464133
1823,34.919486,32.464234
1824,34.917746,32.464323
1825,34.9174,32.464337
1826,34.916937,32.464366
1827,34.916334,32.464439
1828,34.915475,32.4646
1829,34.915045,32.464707
1830,34.914635,32.464814
1831,34.914193,32.464932
1832,34.914048,32.464974
1833,34.913931,32.465007
1834,34.913397,32.465156
1835,34.912938,32.465279
1836,34.912836,32.465306
1837,34.912027,32.465523
1838,34.911427,32.465683
1839,34.909822,32.466084
1840,34.909387,32.46621
1841,34.909092,32.466312
1842,34.908696,32.466466
1843,34.908251,32.466666
1844,34.907758,32.466914
1845,34.907327,32.467154
1846,34.90679,32.467493
1847,34.906211,32.467873
1848,34.905465,32.468369
1849,34.904605,32.46896
1850,34.904097,32.469307
1851,34.90335,32.469804
1852,34.902429,32.470435
1853,34.901057,32.471412
1854,34.900939,32.471496
1855,34.90002,32.472114
1856,34.899966,32.472152
1857,34.899889,32.472206
1858,34.899838,32.472242
1859,34.899308,32.472614
1860,34.899235,32.472705
1861,34.899189,32.47279
1862,34.89915,32.472876
1863,34.899127,32.472986
1864,34.899121,32.4731
1865,34.89916,32.473186
1866,34.899238,32.473306
1867,34.899322,32.473387
1868,34.899418,32.473445
1869,34.899536,32.473488
1870,34.899677,32.473512
1871,34.899721,32.473511
1872,34.899806,32.473508
1873,34.899913,32.473479
1874,34.899992,32.47346
1875,34.900094,32.473394
1876,34.900161,32.473341
1877,34.900235,32.473251
1878,34.90028,32.473156
1879,34.900297,32.473046
1880,34.900298,32.47296
1881,34.900275,32.472846
1882,34.900225,32.472731
1883,34.900123,32.472566
1884,34.900006,32.472422
1885,34.899838,32.472243
1886,34.899787,32.472188
1887,34.899413,32.471789
1888,34.899232,32.471576
1889,34.898964,32.471206
1890,34.8987,32.470835
1891,34.898542,32.470576
1892,34.898401,32.470307
1893,34.898213,32.469977
1894,34.898009,32.46957
1895,34.897747,32.468993
1896,34.897513,32.468307
1897,34.897328,32.467697
1898,34.897171,32.467145
1899,34.897046,32.466733
1900,34.896942,32.466353
1901,34.896685,32.465395
1902,34.896541,32.464957
1903,34.896391,32.46447
1904,34.896192,32.463853
1905,34.895994,32.463119
1906,34.895843,32.462596
1907,34.895679,32.462068
1908,34.89559,32.461721
1909,34.895385,32.460899
1910,34.895208,32.460165
1911,34.895058,32.459513
1912,34.894914,32.458932
1913,34.894765,32.458251
1914,34.894608,32.457587
1915,34.894505,32.457147
1916,34.89441,32.456771
1917,34.894314,32.456313
1918,34.89411,32.455444
1919,34.893898,32.454575
1920,34.893734,32.453876
1921,34.893557,32.453089
1922,34.893414,32.452467
1923,34.893284,32.451897
1924,34.893168,32.451445
1925,34.893121,32.451122
1926,34.893012,32.450512
1927,34.892958,32.450136
1928,34.892898,32.449508
1929,34.892885,32.449303
1930,34.892794,32.447636
1931,34.892761,32.446973
1932,34.892756,32.446456
1933,34.892697,32.445623
1934,34.892658,32.444713
1935,34.892564,32.443944
1936,34.892544,32.443747
1937,34.892516,32.443548
1938,34.892443,32.443031
1939,34.892293,32.442326
1940,34.892102,32.441545
1941,34.891712,32.440347
1942,34.891533,32.439819
1943,34.891266,32.439096
1944,34.891112,32.43871
1945,34.891074,32.438615
1946,34.890991,32.438387
1947,34.890512,32.437076
1948,34.890416,32.436835
1949,34.890112,32.435943
1950,34.889195,32.433456
1951,34.888202,32.430755
1952,34.887944,32.430109
1953,34.887849,32.429847
1954,34.887677,32.429356
1955,34.887557,32.429011
1956,34.887496,32.428783
1957,34.887391,32.428472
1958,34.887286,32.428014
1959,34.886702,32.425502
1960,34.886456,32.424429
1961,34.886327,32.423948
1962,34.886223,32.4234
1963,34.885668,32.421059
1964,34.885412,32.419998
1965,34.885323,32.419657
1966,34.884276,32.415114
1967,34.883288,32.410797
1968,34.883185,32.410304
1969,34.882956,32.409502
1970,34.882775,32.409011
1971,34.882469,32.408413
1972,34.882172,32.407938
1973,34.881654,32.407275
1974,34.880934,32.406423
1975,34.880511,32.405931
1976,34.878381,32.403408
1977,34.876491,32.401171
1978,34.875876,32.400458
1979,34.874946,32.399311
1980,34.873972,32.398188
1981,34.873506,32.397639
1982,34.872168,32.396037
1983,34.870409,32.393944
1984,34.870256,32.393769
1985,34.870183,32.393679
1986,34.86975,32.39317
1987,34.869443,32.392764
1988,34.869276,32.392522
1989,34.869156,32.392318
1990,34.869046,32.392113
1991,34.868859,32.391753
1992,34.86874,32.391491
1993,34.868616,32.391168
1994,34.868549,32.391
1995,34.868473,32.390713
1996,34.86844,32.390566
1997,34.868331,32.39001
1998,34.868122,32.389114
1999,34.867933,32.388292
2000,34.867748,32.387454
2001,34.867686,32.387208
2002,34.867605,32.386963
2003,34.867385,32.386406
2004,34.867266,32.386095
2005,34.866908,32.385371
2006,34.866645,32.384912
2007,34.866233,32.384216
2008,34.866041,32.383868
2009,34.865817,32.383442
2010,34.865587,32.382927
2011,34.86553,32.382743
2012,34.865435,32.382391
2013,34.865374,32.382121
2014,34.865322,32.38183
2015,34.865247,32.381295
2016,34.865195,32.380914
2017,34.865173,32.380595
2018,34.865028,32.379294
2019,34.864939,32.378726
2020,34.864856,32.378029
2021,34.864564,32.375879
2022,34.864381,32.374398
2023,34.864325,32.374053
2024,34.864237,32.373595
2025,34.864178,32.373325
2026,34.864083,32.372916
2027,34.862763,32.367275
2028,34.862678,32.366817
2029,34.862636,32.366488
2030,34.86263,32.366155
2031,34.862643,32.365934
2032,34.86268,32.365617
2033,34.862734,32.365341
2034,34.86282,32.365041
2035,34.862949,32.364686
2036,34.863067,32.364425
2037,34.863157,32.364268
2038,34.863283,32.364053
2039,34.863404,32.363874
2040,34.863646,32.363559
2041,34.863823,32.363362
2042,34.864161,32.363027
2043,34.865007,32.362233
2044,34.865739,32.361575
2045,34.86614,32.361266
2046,34.866444,32.36105
2047,34.866903,32.360745
2048,34.868549,32.359756
2049,34.87054,32.358622
2050,34.870588,32.358595
2051,34.873635,32.356881
2052,34.873934,32.356701
2053,34.874295,32.356479
2054,34.874818,32.356142
2055,34.875391,32.35571
2056,34.875782,32.355395
2057,34.876192,32.355035
2058,34.876699,32.354564
2059,34.877056,32.354158
2060,34.877327,32.353802
2061,34.87753,32.35351
2062,34.877745,32.353131
2063,34.877969,32.352635
2064,34.878121,32.352159
2065,34.878251,32.351608
2066,34.878339,32.350985
2067,34.878324,32.350638
2068,34.878317,32.350459
2069,34.878315,32.350364
2070,34.878302,32.35028
2071,34.878261,32.350006
2072,34.878114,32.34942
2073,34.877909,32.348846
2074,34.877583,32.347997
2075,34.877242,32.347146
2076,34.877048,32.346685
2077,34.876616,32.345604
2078,34.875806,32.343473
2079,34.8743,32.339932
2080,34.872479,32.335648
2081,34.87184,32.334321
2082,34.87151,32.333586
2083,34.871327,32.333195
2084,34.870906,32.332245
2085,34.870311,32.331007
2086,34.869828,32.330128
2087,34.869444,32.329473
2088,34.8684,32.327596
2089,34.868183,32.327148
2090,34.868021,32.32677
2091,34.867927,32.326503
2092,34.867761,32.325893
2093,34.867554,32.325174
2094,34.867542,32.325134
2095,34.867509,32.325026
2096,34.867392,32.324611
2097,34.867327,32.324342
2098,34.86719,32.323854
2099,34.866629,32.321628
2100,34.866525,32.321235
2101,34.866398,32.320715
2102,34.866251,32.32008
2103,34.86621,32.319842
2104,34.866122,32.319379
2105,34.866045,32.318739
2106,34.865928,32.317049
2107,34.86573,32.315089
2108,34.865675,32.313965
2109,34.865602,32.313132
2110,34.865483,32.312036
2111,34.865469,32.311905
2112,34.865385,32.311184
2113,34.865233,32.310275
2114,34.86509,32.309606
2115,34.864832,32.308483
2116,34.864631,32.307558
2117,34.864517,32.306947
2118,34.864144,32.305361
2119,34.863971,32.304635
2120,34.863838,32.304023
2121,34.863656,32.303165
2122,34.863446,32.302248
2123,34.863159,32.30091
2124,34.862957,32.299949
2125,34.862949,32.299911
2126,34.862767,32.299151
2127,34.862596,32.298342
2128,34.862357,32.297194
2129,34.862128,32.296161
2130,34.861955,32.295558
2131,34.861753,32.29493
2132,34.8616,32.294394
2133,34.86134,32.293617
2134,34.861033,32.292626
2135,34.860793,32.291907
2136,34.860543,32.291089
2137,34.860217,32.290073
2138,34.8601,32.28968
2139,34.859948,32.289164
2140,34.859583,32.288066
2141,34.859234,32.286978
2142,34.859189,32.286837
2143,34.859045,32.286395
2144,34.858997,32.286248
2145,34.858796,32.285579
2146,34.858604,32.284976
2147,34.858373,32.284299
2148,34.858181,32.283646
2149,34.857816,32.282547
2150,34.857528,32.28163
2151,34.857173,32.280548
2152,34.856719,32.279159
2153,34.856541,32.278596
2154,34.856346,32.277946
2155,34.856049,32.277011
2156,34.855807,32.27632
2157,34.855628,32.275867
2158,34.855394,32.275307
2159,34.855036,32.274696
2160,34.854686,32.274188
2161,34.854519,32.273936
2162,34.854422,32.273835
2163,34.854109,32.273453
2164,34.853771,32.273087
2165,34.85327,32.272612
2166,34.852915,32.272297
2167,34.852509,32.27199
2168,34.851889,32.271584
2169,34.851381,32.271297
2170,34.850888,32.271052
2171,34.850113,32.27072
2172,34.849321,32.270439
2173,34.84847,32.270212
2174,34.848238,32.27016
2175,34.847774,32.270067
2176,34.847019,32.269926
2177,34.846463,32.269822
2178,34.846077,32.269762
2179,34.845171,32.269614
2180,34.84473,32.269524
2181,34.844297,32.269439
2182,34.843653,32.269288
2183,34.84327,32.269164
2184,34.842929,32.269035
2185,34.842523,32.268865
2186,34.841969,32.268572
2187,34.841511,32.268272
2188,34.841178,32.268007
2189,34.840805,32.26768
2190,34.840531,32.267399
2191,34.84036,32.267207
2192,34.840271,32.267088
2193,34.840107,32.266857
2194,34.840002,32.266708
2195,34.839918,32.266564
2196,34.839787,32.266336
2197,34.839755,32.266274
2198,34.839621,32.266006
2199,34.839496,32.265699
2200,34.839305,32.265093
2201,34.839207,32.264702
2202,34.839065,32.264196
2203,34.83862,32.262756
2204,34.838326,32.261828
2205,34.838112,32.261252
2206,34.837287,32.258831
2207,34.837146,32.258423
2208,34.836548,32.256733
2209,34.836151,32.255528
2210,34.836007,32.254954
2211,34.835392,32.251378
2212,34.835094,32.249814
2213,34.834959,32.248943
2214,34.834854,32.248355
2215,34.83472,32.247597
2216,34.834499,32.246423
2217,34.832786,32.236333
2218,34.832531,32.234878
2219,34.832348,32.233833
2220,34.832188,32.232644
2221,34.832113,32.23209
2222,34.832067,32.231629
2223,34.831891,32.22989
2224,34.831636,32.227817
2225,34.831448,32.227052
2226,34.830006,32.222109
2227,34.829304,32.219705
2228,34.829024,32.218528
2229,34.828706,32.216763
2230,34.828632,32.216353
2231,34.828559,32.215931
2232,34.828363,32.214799
2233,34.828175,32.213994
2234,34.827986,32.21351
2235,34.827834,32.213193
2236,34.827456,32.212615
2237,34.827218,32.212309
2238,34.826913,32.211927
2239,34.82513,32.209631
2240,34.822542,32.206295
2241,34.821371,32.204779
2242,34.820992,32.204321
2243,34.82044,32.203611
2244,34.820054,32.203153
2245,34.819852,32.202847
2246,34.819771,32.202741
2247,34.819683,32.202586
2248,34.819524,32.202271
2249,34.819432,32.202038
2250,34.819372,32.201886
2251,34.819321,32.201661
2252,34.81925,32.201342
2253,34.819248,32.201326
2254,34.819018,32.199605
2255,34.818861,32.198432
2256,34.818689,32.197326
2257,34.81854,32.19654
2258,34.818445,32.196083
2259,34.818338,32.195646
2260,34.817306,32.192285
2261,34.816712,32.190529
2262,34.816277,32.189471
2263,34.815984,32.188657
2264,34.815811,32.188139
2265,34.81569,32.187803
2266,34.815551,32.187366
2267,34.815518,32.187243
2268,34.815512,32.18722
2269,34.815407,32.186908
2270,34.815304,32.186529
2271,34.815276,32.186425
2272,34.815126,32.185525
2273,34.81508,32.18494
2274,34.815075,32.184716
2275,34.815104,32.183936
2276,34.815143,32.183466
2277,34.815238,32.182789
2278,34.815361,32.182268
2279,34.815443,32.181781
2280,34.815548,32.181372
2281,34.815689,32.180592
2282,34.815724,32.180344
2283,34.815758,32.180117
2284,34.815774,32.180014
2285,34.815789,32.179886
2286,34.815824,32.179652
2287,34.8159,32.179335
2288,34.815942,32.178994
2289,34.81596,32.178678
2290,34.815979,32.178288
2291,34.815958,32.177937
2292,34.815948,32.177484
2293,34.815905,32.176908
2294,34.815859,32.17567
2295,34.815815,32.175144
2296,34.815734,32.174702
2297,34.815624,32.174329
2298,34.815246,32.173424
2299,34.81507,32.173024
2300,34.814906,32.172621
2301,34.814753,32.172176
2302,34.814682,32.172018
2303,34.814533,32.171684
2304,34.814348,32.17118
2305,34.814177,32.170645
2306,34.814099,32.170282
2307,34.814043,32.169717
2308,34.814016,32.169373
2309,34.813981,32.16901
2310,34.813961,32.168749
2311,34.813931,32.168543
2312,34.813889,32.168229
2313,34.813757,32.167202
2314,34.8136,32.166139
2315,34.813531,32.165663
2316,34.813449,32.16526
2317,34.813437,32.165215
2318,34.81342,32.165103
2319,34.813271,32.164688
2320,34.813129,32.16437
2321,34.812916,32.163963
2322,34.812747,32.163636
2323,34.812582,32.16334
2324,34.812386,32.163007
2325,34.812013,32.162341
2326,34.811475,32.16162
2327,34.811307,32.161328
2328,34.811133,32.161025
2329,34.810941,32.160684
2330,34.81086,32.160541
2331,34.810638,32.160105
2332,34.810526,32.159913
2333,34.810449,32.159788
2334,34.810357,32.159643
2335,34.810287,32.159543
2336,34.809481,32.158212
2337,34.809258,32.157898
2338,34.808989,32.157552
2339,34.808727,32.157265
2340,34.808149,32.156647
2341,34.807865,32.156298
2342,34.807623,32.155982
2343,34.807506,32.155814
2344,34.807407,32.155658
2345,34.807242,32.155258
2346,34.807008,32.154746
2347,34.806659,32.153865
2348,34.806587,32.153685
2349,34.806334,32.153223
2350,34.806162,32.152928
2351,34.805996,32.152643
2352,34.805683,32.152023
2353,34.805347,32.151507
2354,34.804888,32.15081
2355,34.804424,32.150058
2356,34.804105,32.149465
2357,34.803838,32.148882
2358,34.803622,32.148396
2359,34.80354,32.148148
2360,34.803427,32.147821
2361,34.803245,32.147186
2362,34.803232,32.147142
2363,34.802936,32.14616
2364,34.8025,32.144648
2365,34.802049,32.143187
2366,34.801619,32.141983
2367,34.801411,32.141489
2368,34.801144,32.140834
2369,34.80113,32.140802
2370,34.801027,32.140586
2371,34.800893,32.140319
2372,34.800779,32.140114
2373,34.800507,32.139666
2374,34.800256,32.13931
2375,34.800033,32.139019
2376,34.799778,32.138694
2377,34.799383,32.138209
2378,34.799098,32.137856
2379,34.798927,32.137648
2380,34.798723,32.137394
2381,34.798622,32.137267
2382,34.798472,32.137075
2383,34.798336,32.136889
2384,34.79816,32.136604
2385,34.796854,32.134184
2386,34.796767,32.134005
2387,34.796649,32.133678
2388,34.796537,32.133238
2389,34.796401,32.13268
2390,34.796284,32.132149
2391,34.796043,32.131116
2392,34.795783,32.130013
2393,34.795456,32.128541
2394,34.79488,32.125553
2395,34.794616,32.124129
2396,34.794571,32.123851
2397,34.794341,32.122783
2398,34.794311,32.122644
2399,34.793631,32.1188
2400,34.793187,32.116601
2401,34.793021,32.11578
2402,34.792858,32.114935
2403,34.792582,32.113296
2404,34.792461,32.112685
2405,34.792425,32.112518
2406,34.792332,32.112097
2407,34.792129,32.111014
2408,34.792012,32.110443
2409,34.79193,32.109863
2410,34.791886,32.109156
2411,34.791863,32.108544
2412,34.791837,32.108099
2413,34.791849,32.10752
2414,34.791856,32.107311
2415,34.79189,32.106899
2416,34.791906,32.106743
2417,34.792016,32.106162
2418,34.792074,32.105824
2419,34.792335,32.104474
2420,34.792362,32.104372
2421,34.792422,32.104051
2422,34.792474,32.103802
2423,34.792606,32.102925
2424,34.792614,32.102881
2425,34.792626,32.102828
2426,34.792664,32.102667
2427,34.792748,32.102307
2428,34.792771,32.102176
2429,34.792806,32.102002
2430,34.792877,32.101699
2431,34.792925,32.101498
2432,34.793078,32.100955
2433,34.793175,32.100521
2434,34.793297,32.099919
2435,34.79332,32.099846
2436,34.793326,32.099804
2437,34.793345,32.099695
2438,34.793446,32.099065
2439,34.793524,32.09854
2440,34.793592,32.098026
2441,34.793622,32.097898
2442,34.793711,32.097515
2443,34.793826,32.097102
2444,34.79391,32.096775
2445,34.794423,32.094517
2446,34.794895,32.092521
2447,34.795081,32.091636
2448,34.79518,32.091268
2449,34.795216,32.091161
2450,34.795309,32.090826
2451,34.795396,32.090422
2452,34.795455,32.090025
2453,34.7955,32.089626
2454,34.795528,32.089135
2455,34.795531,32.089095
2456,34.795545,32.088621
2457,34.795529,32.088095
2458,34.795497,32.087575
2459,34.795451,32.087203
2460,34.795391,32.086815
2461,34.795325,32.086425
2462,34.795294,32.086177
2463,34.795219,32.085767
2464,34.795204,32.085686
2465,34.794706,32.083354
2466,34.794624,32.082993
2467,34.794544,32.082683
2468,34.794514,32.082568
2469,34.794366,32.081928
2470,34.794089,32.080563
2471,34.793981,32.080147
2472,34.793907,32.079935
2473,34.793826,32.079743
2474,34.793711,32.079534
2475,34.793582,32.07933
2476,34.793453,32.079154
2477,34.793306,32.078948
2478,34.793206,32.078792
2479,34.793117,32.078623
2480,34.793009,32.078418
2481,34.792975,32.078345
2482,34.792916,32.078223
2483,34.79285,32.078097
2484,34.792775,32.077976
2485,34.792031,32.076861
2486,34.791913,32.076664
2487,34.791509,32.076029
2488,34.791254,32.075572
2489,34.791147,32.0754
2490,34.79092,32.075033
2491,34.790725,32.074634
2492,34.790505,32.074217
2493,34.790189,32.073446
2494,34.790123,32.073284
2495,34.789962,32.072881
2496,34.789741,32.072338
2497,34.789517,32.071806
2498,34.789365,32.071496
2499,34.789166,32.07116
2500,34.788992,32.070873
2501,34.788825,32.070655
2502,34.788653,32.070454
2503,34.788596,32.070387
2504,34.788512,32.070289
2505,34.788157,32.069946
2506,34.787893,32.069691
2507,34.787735,32.069527
2508,34.787463,32.069245
2509,34.787164,32.068979
2510,34.787042,32.068846
2511,34.786572,32.068479
2512,34.786194,32.068168
2513,34.786121,32.068108
2514,34.786054,32.068054
2515,34.785974,32.067985
2516,34.785901,32.067924
2517,34.78576,32.067806
2518,34.785042,32.067158
2519,34.784683,32.066886
2520,34.784034,32.066365
2521,34.783716,32.0661
2522,34.783632,32.066028
2523,34.783565,32.065967
2524,34.783314,32.065742
2525,34.783283,32.065716
2526,34.783188,32.065637
2527,34.782978,32.065431
2528,34.78263,32.065129
2529,34.782205,32.064826
2530,34.781954,32.064672
2531,34.78187,32.06462
2532,34.781092,32.064221
2533,34.780917,32.064109
2534,34.7807,32.063976
2535,34.780168,32.063687
2536,34.779681,32.063421
2537,34.779339,32.063335
2538,34.779213,32.063323
2539,34.778927,32.063398
2540,34.778824,32.063444
2541,34.778703,32.063497
2542,34.778501,32.063565
2543,34.77834,32.063621
2544,34.778179,32.063667
2545,34.777962,32.063711
2546,34.777938,32.063662
2547,34.777919,32.063596
2548,34.777916,32.063507
2549,34.778112,32.063472
2550,34.778359,32.063416
2551,34.778672,32.063337
2552,34.778812,32.06329
2553,34.778874,32.063269
2554,34.77907,32.063166
2555,34.779194,32.063078
2556,34.779286,32.063011
2557,34.779547,32.062757
2558,34.779618,32.0627
2559,34.780337,32.062101
2560,34.780419,32.062029
2561,34.78062,32.061852
2562,34.781166,32.061352
2563,34.781866,32.060711
2564,34.78331,32.059432
2565,34.783444,32.059316
2566,34.783549,32.059202
2567,34.783629,32.059096
2568,34.783668,32.059043
2569,34.783728,32.058938
2570,34.783766,32.05887
2571,34.783814,32.058751
2572,34.783851,32.058633
2573,34.783876,32.058498
2574,34.783881,32.058285
2575,34.783901,32.058169
2576,34.783901,32.058082
2577,34.783879,32.057888
2578,34.783647,32.056787
2579,34.783551,32.0563
2580,34.783479,32.055865
2581,34.783434,32.055623
2582,34.783385,32.055502
2583,34.783352,32.05544
2584,34.78333,32.055403
2585,34.783323,32.05539
2586,34.783226,32.05535
2587,34.783143,32.055334
2588,34.783137,32.055336
2589,34.783026,32.055345
2590,34.782905,32.055381
2591,34.782738,32.055436
2592,34.782537,32.055525
2593,34.781106,32.056146
2594,34.781051,32.056168
2595,34.781011,32.056122
2596,34.780895,32.055985
2597,34.780785,32.055873
2598,34.780679,32.055731
2599,34.78062,32.055626
2600,34.780557,32.055517
2601,34.780549,32.055507
